Tag,Description,Type,Area,Category,SAP MAPPING ,Upper Limit,Low Limit
PC.PMO.DULG-DP-B.DCS.MEMBRANE:QT6090.PNT,CO2 ANALYZER,Process,Fuel Gas,CONCENTRATION,DLIB-V6070-PK,55,45
PC.PMO.DULG-DP-B.DCS.B_FILTER:B_AIT7271.PNT,FINE FILTER CHLORINE ANALYZER,Instrument,WIM,DENSITY,DLIB-F727-PK,100,0
PC.PMO.DULG-DP-B.DCS.B_FILTER:B_AIT7271.PNT,FINE FILTER CHLORINE ANALYZER,System/Equipment,WIM,DENSITY,DLIB-F727-PK,100,0
PC.PMO.DULG-DP-B.DCS.B_SURGE_ABC:B_FICA5100.MEAS,P-510 FLOW IND,Process,Metering,FLOW,DLIB-MT515/6-PK,148,14
PC.PMO.DULG-DP-B.DCS.B_SURGE_ABC:B_FICA5110.MEAS,P-511 FLOW IND,Process,Metering,FLOW,DLIB-MT515/6-PK,148,14
PC.PMO.DULG-DP-B.DCS.B_SURGE_ABC:B_FICA5120.MEAS,P-512 FLOW IND,Process,Metering,FLOW,DLIB-MT515/6-PK,148,14
PC.PMO.DULG-DP-B.DCS.B_SURGE_ABC:B_FQI5100.MEAS,,Process,Metering,FLOW,DLIB-MT515/6-PK,148,14
PC.PMO.DULG-DP-B.DCS.B_SURGE_ABC:B_FQI5110.MEAS,,Process,Metering,FLOW,DLIB-MT515/6-PK,148,14
PC.PMO.DULG-DP-B.DCS.B_SURGE_ABC:B_FQI5120.MEAS,,Process,Metering,FLOW,DLIB-MT515/6-PK,148,14
PC.PMO.DULG-DP-B.DCS.B_SURGE_ABC:B_FT5100.MEAS,P-510 FLOW IND,Process,Metering,FLOW,DLIB-MT515/6-PK,148,14
PC.PMO.DULG-DP-B.DCS.B_SURGE_ABC:B_FT5100.PNT,P-510 FLOW IND,Process,Metering,FLOW,DLIB-MT515/6-PK,148,14
PC.PMO.DULG-DP-B.DCS.B_SURGE_ABC:B_FT5110.MEAS,P-511 FLOW IND,Process,Metering,FLOW,DLIB-MT515/6-PK,148,14
PC.PMO.DULG-DP-B.DCS.B_SURGE_ABC:B_FT5110.PNT,P-511 FLOW IND,Process,Metering,FLOW,DLIB-MT515/6-PK,148,14
PC.PMO.DULG-DP-B.DCS.B_SURGE_ABC:B_FT5120.MEAS,P-512 FLOW IND,Process,Metering,FLOW,DLIB-MT515/6-PK,148,14
PC.PMO.DULG-DP-B.DCS.B_SURGE_ABC:B_FT5120.PNT,P-512 FLOW IND,Process,Metering,FLOW,DLIB-MT515/6-PK,148,14
PC.PMO.DULG-DP-B.DCS.B_SURGE_D:B_FICA5260.MEAS,P-526 FLOW IND,Process,Metering,FLOW,DLIB-MT515/6-PK,148,10
PC.PMO.DULG-DP-B.DCS.B_SURGE_D:B_FICA5270.MEAS,P-527 FLOW IND,Process,Metering,FLOW,DLIB-MT515/6-PK,148,10
PC.PMO.DULG-DP-B.DCS.B_SURGE_D:B_FQI5260.MEAS,,Process,Metering,FLOW,DLIB-MT515/6-PK,148,10
PC.PMO.DULG-DP-B.DCS.B_SURGE_D:B_FQI5270.MEAS,,Process,Metering,FLOW,DLIB-MT515/6-PK,148,10
PC.PMO.DULG-DP-B.DCS.B_SURGE_D:B_FT5260.MEAS,P-526 FLOW IND,Process,Metering,FLOW,DLIB-MT515/6-PK,148,10
PC.PMO.DULG-DP-B.DCS.B_SURGE_D:B_FT5260.PNT,P-526 FLOW IND,Process,Metering,FLOW,DLIB-MT515/6-PK,148,10
PC.PMO.DULG-DP-B.DCS.B_SURGE_D:B_FT5270.MEAS,P-527 FLOW IND,Process,Metering,FLOW,DLIB-MT515/6-PK,148,10
PC.PMO.DULG-DP-B.DCS.B_SURGE_D:B_FT5270.PNT,P-527 FLOW IND,Process,Metering,FLOW,DLIB-MT515/6-PK,148,10
PC.PMO.DULG-DP-B.DCS.MEMBRANE:B_FT6090.MEAS,,Process,Fuel Gas,FLOW,DLIB-V6070-PK,6,4
PC.PMO.DULG-DP-B.DCS.MEMBRANE:FT6090.PNT,REMV NON-PERMEATE GAS OUTLET,Process,Fuel Gas,FLOW,DLIB-V6070-PK,6,4
PC.PMO.DULG-DP-B.DCS.GLYCOL_PUMP:B_FT2490.MEAS,,Process,Glycol,FLOW,DLIB-DEHY-CGCE,4.1,0.8
PC.PMO.DULG-DP-B.DCS.B_WHRU2:B_TY6460.OUT,HX-646 HOT OIL OUT TEMP CONTROL,System/Equipment,WHRU and Hot Oil,POSITION,DLIB-HX646-PK,1240,138
PC.PMO.DULG-DP-B.DCS.B_WTR_LAUNCH:B_PT7550.MEAS,,Instrument,WIM,PRESSURE,DLIB-PK755,10000,6757
PC.PMO.DULG-DP-B.DCS.B_WTR_LAUNCH:B_PT7550.PNT,,Instrument,WIM,PRESSURE,DLIB-PK755,10000,6757
PC.PMO.DULG-DP-B.DCS.B_WTR_LAUNCH:B_PT7560.MEAS,,Instrument,WIM,PRESSURE,DLIB-PK756,10000,6757
PC.PMO.DULG-DP-B.DCS.B_WTR_LAUNCH:B_PT7560.PNT,,Instrument,WIM,PRESSURE,DLIB-PK756,10000,6757
PC.PMO.DULG-DP-B.DCS.B_GAS_LAUNCH:B_PIA5650.MEAS,L-565 GAS PRESS   IND TO DLA,Process,Gas Launcher,PRESSURE,DLIB-PK565,13150,5500
PC.PMO.DULG-DP-B.DCS.B_GAS_LAUNCH:B_PIA5650.PNT,L-565 GAS PRESS   IND TO DLA,Process,Gas Launcher,PRESSURE,DLIB-PK565,13150,5500
PC.PMO.DULG-DP-B.DCS.B_GAS_LAUNCH:B_PIA5660.MEAS,L-566 GAS PRESS   IND TO DLC,Process,Gas Launcher,PRESSURE,DLIB-PK566,13150,5500
PC.PMO.DULG-DP-B.DCS.B_GAS_LAUNCH:B_PIA5660.PNT,L-566 GAS PRESS   IND TO DLC,Process,Gas Launcher,PRESSURE,DLIB-PK566,13150,5500
PC.PMO.DULG-DP-B.DCS.B_GAS_LAUNCH:B_PT5670.MEAS,L-567 GAS PRESS   TOTALIZED,Process,Gas Launcher,PRESSURE,"DLIB-PK567,",13100,5500
PC.PMO.DULG-DP-B.DCS.B_GAS_LAUNCH:B_PT5670.PNT,L-567 GAS PRESS   TOTALIZED,Process,Gas Launcher,PRESSURE,"DLIB-PK567,",13100,5500
PC.PMO.DULG-DP-B.DCS.WELLHEAD_DLB:B_PICA5620.MEAS,GAS LIFT FROM LP GAS COMP,Process,Gas Launcher,PRESSURE," DLIB-F562-PK,",10600,7000
PC.PMO.DULG-DP-B.DCS.WELLHEAD_DLB:B_PT5620.MEAS,,Process,Gas Launcher,PRESSURE," DLIB-F562-PK,",10600,7000
PC.PMO.DULG-DP-B.DCS.WELLHEAD_DLB:PT5620.PNT,GAS LIFT FROM LP GAS COMP,Process,Gas Launcher,PRESSURE," DLIB-F562-PK,",10600,7000
PC.PMO.DULG-DP-B.DCS.MSDP_A_AI1:B_PT5111.PNT,P511 CRU PMP SEAL ANALOG MEAS,Instrument,Main Shutdown Panel,PRESSURE,DLIB-MSDP,1600,600
PC.PMO.DULG-DP-B.DCS.MSDP_A_AI1:B_PT5121.PNT,P512 CRU PMP SEAL ANALOG MEAS,Instrument,Main Shutdown Panel,PRESSURE,DLIB-MSDP,1600,600
PC.PMO.DULG-DP-B.DCS.MSDP_A_AI1:B_PT5242.PNT,V524 SURGE TANK ANAL MEAS,Instrument,Main Shutdown Panel,PRESSURE,DLIB-PK524,100,14
PC.PMO.DULG-DP-B.DCS.MSDP_A_AI1:B_PT5616.PNT,LIFT GAS SCRAP LNCR ANAL MEAS,Instrument,Main Shutdown Panel,PRESSURE,DLIB-MSDP,13100,5500
PC.PMO.DULG-DP-B.DCS.MSDP_A_AI1:B_PT5661.PNT,GASLIFT PLINE TO DLC ANAL MEAS,Instrument,Main Shutdown Panel,PRESSURE,DLIB-PK566,13150,5500
PC.PMO.DULG-DP-B.DCS.MSDP_A_AI1:B_PT5671.PNT,GASLIFT PLINE TO DLD ANAL MEAS,Instrument,Main Shutdown Panel,PRESSURE,"DLIB-PK567,",13100,5500
PC.PMO.DULG-DP-B.DCS.MSDP_A_AI1:B_PT5860A.PNT,P586A RECYCLE PUMP PRESSURE,Instrument,Main Shutdown Panel,PRESSURE,DLIB-MSDP,850,200
PC.PMO.DULG-DP-B.DCS.MSDP_A_AI1:B_PT5860B.PNT,P586B RECYCLE PUMP PRESSURE,Instrument,Main Shutdown Panel,PRESSURE,DLIB-MSDP,850,200
PC.PMO.DULG-DP-B.DCS.MSDP_A_AI1:B_PT5870A.PNT,P587A RECYCLE PUMP PRESSURE,Instrument,Main Shutdown Panel,PRESSURE,DLIB-MSDP,750,200
PC.PMO.DULG-DP-B.DCS.MSDP_A_AI1:B_PT5870B.PNT,P587B RECYCLE PUMP PRESSURE,Instrument,Main Shutdown Panel,PRESSURE,DLIB-MSDP,750,200
PC.PMO.DULG-DP-B.DCS.MSDP_A_AI1:B_PT6460A.PNT,HX646 WARM OIL ANAL MEAS,Instrument,Main Shutdown Panel,PRESSURE,DLIB-MSDP,1240,138
PC.PMO.DULG-DP-B.DCS.MSDP_A_AI1:B_PT6470A.PNT,HX647 WARM OIL ANAL MEAS,Instrument,Main Shutdown Panel,PRESSURE,DLIB-MSDP,1240,138
PC.PMO.DULG-DP-B.DCS.MSDP_A_AI1:B_PT6470B.PNT,HX647 WARM OIL ANAL MEAS,Instrument,Main Shutdown Panel,PRESSURE,DLIB-MSDP,1240,138
PC.PMO.DULG-DP-B.DCS.MSDP_A_AI1:B_PTSP6460A.PNT,HX646 WARM OIL SET POINT,Instrument,Main Shutdown Panel,PRESSURE,DLIB-MSDP,1240,138
PC.PMO.DULG-DP-B.DCS.B_SURGE_ABC:B_PICA5080.MEAS,V-508 PRESS IND,Process,Metering,PRESSURE,DLIB-PK508,100,25
PC.PMO.DULG-DP-B.DCS.B_SURGE_ABC:B_PT5080.MEAS,V-508 PRESS IND,Process,Metering,PRESSURE,DLIB-PK508,100,25
PC.PMO.DULG-DP-B.DCS.B_SURGE_ABC:B_PT5080.PNT,V-508 PRESS IND,Process,Metering,PRESSURE,DLIB-PK508,100,25
PC.PMO.DULG-DP-B.DCS.B_SURGE_D:B_PICA5240.MEAS,V-524 PRESS IND,Process,Metering,PRESSURE,DLIB-PK524,80,25
PC.PMO.DULG-DP-B.DCS.B_SURGE_D:B_PICA5270.MEAS,V-524 DLB EXPORT  LINE PRESS,Process,Metering,PRESSURE,DLIB-MT515/6-PK,1260,600
PC.PMO.DULG-DP-B.DCS.B_SURGE_D:B_PT5240.MEAS,V-524 PRESS IND,Process,Metering,PRESSURE,DLIB-PK524,80,25
PC.PMO.DULG-DP-B.DCS.B_SURGE_D:B_PT5240.PNT,V-524 PRESS IND,Process,Metering,PRESSURE,DLIB-PK524,80,25
PC.PMO.DULG-DP-B.DCS.B_SURGE_D:B_PT5270.MEAS,V-524 DLB EXPORT  LINE PRESS,Process,Metering,PRESSURE,DLIB-MT515/6-PK,1260,600
PC.PMO.DULG-DP-B.DCS.B_SURGE_D:B_PT5270.PNT,V-524 DLB EXPORT  LINE PRESS,Process,Metering,PRESSURE,DLIB-MT515/6-PK,1260,600
PC.PMO.DULG-DP-B.DCS.B_HP_SEP_ABC:B_PT5040.MEAS,V-504 PRESS IND,Process,HP Separation,PRESSURE,DLIB-A504-PK,1400,660
PC.PMO.DULG-DP-B.DCS.B_HP_SEP_ABC:B_PT5040.PNT,V-504 PRESS IND,Process,HP Separation,PRESSURE,DLIB-A504-PK,1400,660
PC.PMO.DULG-DP-B.DCS.B_HP_SEP_D:B_PICA5200.MEAS,V-520 PRESS IND,Process,HP Separation,PRESSURE,DLIB-A520-PK,450,200
PC.PMO.DULG-DP-B.DCS.B_HP_SEP_D:B_PT5200.MEAS,V-520 PRESS IND,Process,HP Separation,PRESSURE,DLIB-A520-PK,450,200
PC.PMO.DULG-DP-B.DCS.B_HP_SEP_D:B_PT5200.PNT,V-520 PRESS IND,Process,HP Separation,PRESSURE,DLIB-A520-PK,450,200
PC.PMO.DULG-DP-B.DCS.B_FUELGAS:B_PICA5621.MEAS,FUEL GAS INL PRESS LAUNCH TO FSO,Process,Fuel Gas,PRESSURE," DLIB-F562-PK,",1430,700
PC.PMO.DULG-DP-B.DCS.B_FUELGAS:B_PICA6100.MEAS,V-610 PRESS IND,Process,Fuel Gas,PRESSURE,DLIB-PK611,5500,3000
PC.PMO.DULG-DP-B.DCS.B_FUELGAS:B_PICA6120.MEAS,HX-611 2ND STAGE  PRESS IND,Process,Fuel Gas,PRESSURE,(DLIB-F612-PK,1860,900
PC.PMO.DULG-DP-B.DCS.B_FUELGAS:B_PT5620.MEAS,HX-562 INLET      PRESS,Process,Fuel Gas,PRESSURE," DLIB-F562-PK,",4060,3320
PC.PMO.DULG-DP-B.DCS.B_FUELGAS:B_PT5620.PNT,HX-562 INLET      PRESS,Process,Fuel Gas,PRESSURE," DLIB-F562-PK,",4060,3320
PC.PMO.DULG-DP-B.DCS.B_FUELGAS:B_PT5621.MEAS,FUEL GAS INL PRESS LAUNCH TO FSO,Process,Fuel Gas,PRESSURE," DLIB-F562-PK,",1430,700
PC.PMO.DULG-DP-B.DCS.B_FUELGAS:B_PT5621.PNT,FUEL GAS INL PRESS LAUNCH TO FSO,Process,Fuel Gas,PRESSURE," DLIB-F562-PK,",1430,700
PC.PMO.DULG-DP-B.DCS.B_FUELGAS:B_PT5623.MEAS,V-610 INLET PRESS,Process,Fuel Gas,PRESSURE," DLIB-F562-PK,",1300,400
PC.PMO.DULG-DP-B.DCS.B_FUELGAS:B_PT5623.PNT,V-610 INLET PRESS,Process,Fuel Gas,PRESSURE," DLIB-F562-PK,",1300,400
PC.PMO.DULG-DP-B.DCS.B_FUELGAS:B_PT5630.MEAS,L-563 PRESS IND,Process,Fuel Gas,PRESSURE, DLIB-F562-PK,1610,600
PC.PMO.DULG-DP-B.DCS.B_FUELGAS:B_PT5630.PNT,L-563 PRESS IND,Process,Fuel Gas,PRESSURE, DLIB-F562-PK,1610,600
PC.PMO.DULG-DP-B.DCS.B_FUELGAS:B_PT6100.MEAS,V610 FUEL GAS SEP PRESS,Process,Fuel Gas,PRESSURE,DLIB-PK611,5500,3000
PC.PMO.DULG-DP-B.DCS.B_FUELGAS:B_PT6100.PNT,V610 FUEL GAS SEP PRESS,Process,Fuel Gas,PRESSURE,DLIB-PK611,5500,3000
PC.PMO.DULG-DP-B.DCS.B_FUELGAS:B_PT6120.MEAS,HX-611 2ND STAGE  PRESS IND,Process,Fuel Gas,PRESSURE,(DLIB-F612-PK,1860,900
PC.PMO.DULG-DP-B.DCS.B_FUELGAS:B_PT6120.PNT,HX-611 2ND STAGE  PRESS IND,Process,Fuel Gas,PRESSURE,(DLIB-F612-PK,1860,900
PC.PMO.DULG-DP-B.DCS.FUEL_GAS:B_PIC6030.MEAS,V6030 FG SCRUBBER TO FLTR COALS,Process,Fuel Gas,PRESSURE,DLIB-V6030-PK,4000,3500
PC.PMO.DULG-DP-B.DCS.FUEL_GAS:B_PT6030.MEAS,,Process,Fuel Gas,PRESSURE,DLIB-V6030-PK,4000,3500
PC.PMO.DULG-DP-B.DCS.FUEL_GAS:PT6030.PNT,V6030 FG SCRUBBER TO FLTR COALS,Process,Fuel Gas,PRESSURE,DLIB-V6030-PK,4000,3500
PC.PMO.DULG-DP-B.DCS.MEMBRANE:B_PIC6080.MEAS,A6070 CO2 REMV  FUEL GAS OUTLET,Process,Fuel Gas,PRESSURE,DLIB-V6070-PK,3998,3474
PC.PMO.DULG-DP-B.DCS.MEMBRANE:B_PT6080.MEAS,,Process,Fuel Gas,PRESSURE,DLIB-V6070-PK,3998,3474
PC.PMO.DULG-DP-B.DCS.MEMBRANE:PT6080.PNT,A6070 CO2 REMV  FUEL GAS OUTLET,Process,Fuel Gas,PRESSURE,DLIB-V6070-PK,3998,3474
PC.PMO.DULG-DP-B.DCS.PRE_TREAT:PT6070.PNT,A6070 CO2 REMV FUEL GAS INLET,Process,Fuel Gas,PRESSURE,DLIB-V6070-PK,3998,2880
PC.PMO.DULG-DP-B.DCS.B_LP_SEP_ABC:B_PICA5070.MEAS,V-507 PRESS IND,Process,LP Separation,PRESSURE,DLIB-PK507,700,120
PC.PMO.DULG-DP-B.DCS.B_LP_SEP_ABC:B_PT5070.MEAS,V-507 PRESS IND,Process,LP Separation,PRESSURE,DLIB-PK507,700,120
PC.PMO.DULG-DP-B.DCS.B_LP_SEP_ABC:B_PT5070.PNT,V-507 PRESS IND,Process,LP Separation,PRESSURE,DLIB-PK507,700,120
PC.PMO.DULG-DP-B.DCS.B_LP_SEP_D:B_PICA5230.MEAS,V-523 PRESS IND,Process,LP Separation,PRESSURE,DLIB-PK523,700,100
PC.PMO.DULG-DP-B.DCS.B_LP_SEP_D:B_PT5230.MEAS,V-523 PRESS IND,Process,LP Separation,PRESSURE,DLIB-PK523,700,100
PC.PMO.DULG-DP-B.DCS.B_LP_SEP_D:B_PT5230.PNT,V-523 PRESS IND,Process,LP Separation,PRESSURE,DLIB-PK523,700,100
PC.PMO.DULG-DP-B.DCS.B_GLYCOL:B_PIA5600.MEAS,V-560 PRESS IND,Process,Glycol,PRESSURE,DLIB-DEHY,9750,4760
PC.PMO.DULG-DP-B.DCS.B_GLYCOL:B_PIA5600.PNT,V-560 PRESS IND,Process,Glycol,PRESSURE,DLIB-DEHY,9750,4760
PC.PMO.DULG-DP-B.DCS.COOL_WTR:B_PICA6922.MEAS,P6920A/B/C CW RECIRC PMP,Process,Cooling Water,PRESSURE,DLIB-P6920A-PK,900,300
PC.PMO.DULG-DP-B.DCS.COOL_WTR:B_PT6922.MEAS,,Process,Cooling Water,PRESSURE,DLIB-P6920A-PK,900,300
PC.PMO.DULG-DP-B.DCS.COOL_WTR:PT6922.PNT,P6920A/B/C CW RECIRC PMP,Process,Cooling Water,PRESSURE,DLIB-P6920A-PK,900,300
PC.PMO.DULG-DP-B.DCS.B_OILY_WTR:B_PIA5850.MEAS,V-585 PRESS IND,Process,Produced Water,PRESSURE,DLIB-SK585,233,30
PC.PMO.DULG-DP-B.DCS.B_OILY_WTR:B_PIA5850.PNT,V-585 PRESS IND,Process,Produced Water,PRESSURE,DLIB-SK585,233,30
PC.PMO.DULG-DP-B.DCS.B_PWTS:B_PT5860.MEAS,L-586 GAS PRESS   TOTALIZED,Process,Produced Water,PRESSURE,DLIB-PK586,850,200
PC.PMO.DULG-DP-B.DCS.B_PWTS:B_PT5860.PNT,L-586 GAS PRESS   TOTALIZED,Process,Produced Water,PRESSURE,DLIB-PK586,850,200
PC.PMO.DULG-DP-B.DCS.B_PWTS:B_PT5870.MEAS,L-587 GAS PRESS   TOTALIZED,Process,Produced Water,PRESSURE,DLIB-V587-PK,750,200
PC.PMO.DULG-DP-B.DCS.B_PWTS:B_PT5870.PNT,L-587 GAS PRESS   TOTALIZED,Process,Produced Water,PRESSURE,DLIB-V587-PK,750,200
PC.PMO.DULG-DP-B.DCS.TCP1_AI1:B_PI5420.MEAS,TRN 1 1ST STG SUCT PRESS,System/Equipment,GCM1,PRESSURE,DLIB-PK543,1029,345
PC.PMO.DULG-DP-B.DCS.TCP1_AI1:B_PI5421.MEAS,TRN 1 1ST STG DISCH PRESS,System/Equipment,GCM1,PRESSURE,DLIB-PK543,4059,2475
PC.PMO.DULG-DP-B.DCS.TCP1_AI1:B_PI5475.MEAS,TARIN 1 2ND STG SUCT PRESS,System/Equipment,GCM1,PRESSURE,DLIB-HD547-PK,3784,600
PC.PMO.DULG-DP-B.DCS.TCP1_AI1:B_PI5476.MEAS,TRN 1 2ND STG DISCH PRESS,System/Equipment,GCM1,PRESSURE,DLIB-HD547-PK,8550,5400
PC.PMO.DULG-DP-B.DCS.TCP1_AI1:B_PI5480.MEAS,TRN 1 3RD STG SUCT PRESS,System/Equipment,GCM1,PRESSURE,DLIB-PK543,10157,600
PC.PMO.DULG-DP-B.DCS.TCP1_AI1:B_PI5481.MEAS,TRN 1 3RD STG DISCH PRESS,System/Equipment,GCM1,PRESSURE,DLIB-PK543,10700,6500
PC.PMO.DULG-DP-B.DCS.GAS_COND:B_PT5432.PNT,PT FOR ALARMING,System/Equipment,GCM1,PRESSURE,DLIB-PK543,9300,700
PC.PMO.DULG-DP-B.DCS.GAS_COND:B_PT5532.PNT,PT FOR ALARMING,System/Equipment,GCM1,PRESSURE,DLIB-PK543,9300,700
PC.PMO.DULG-DP-B.DCS.TCP2_AI1:B_PI5520.MEAS,TRN 2 1ST STG SUCT PRESS,System/Equipment,GCM2,PRESSURE,DLIB-A520-PK,1029,345
PC.PMO.DULG-DP-B.DCS.TCP2_AI1:B_PI5521.MEAS,TRN 2 1ST STG DISCH PRESS,System/Equipment,GCM2,PRESSURE,"DLIB-PK553,",4059,2475
PC.PMO.DULG-DP-B.DCS.TCP2_AI1:B_PI5575.MEAS,TRN 2 2ND STG SUCT PRESS,System/Equipment,GCM2,PRESSURE,DLIB-HD557-PK,3784,600
PC.PMO.DULG-DP-B.DCS.TCP2_AI1:B_PI5576.MEAS,TRN 2 2ND STG DISCH PRESS,System/Equipment,GCM2,PRESSURE,DLIB-HD557-PK,8550,5400
PC.PMO.DULG-DP-B.DCS.TCP2_AI1:B_PI5580.MEAS,TRN 2 3RD STG SUCT PRESS,System/Equipment,GCM2,PRESSURE,"DLIB-PK553,",10157,600
PC.PMO.DULG-DP-B.DCS.TCP2_AI1:B_PI5581.MEAS,TRN 2 3RD STG DISCH PRESS,System/Equipment,GCM2,PRESSURE,"DLIB-PK553,",10700,6500
PC.PMO.DULG-DP-B.DCS.CGCE_TCP_AI:PT2415.MEAS,,System/Equipment,CGCE,PRESSURE,"DLIB-V2415-PK,",400,315
PC.PMO.DULG-DP-B.DCS.CGCE_TCP_AI:PT2420.MEAS,LPC 1 SUCTION GAS PRESS,System/Equipment,CGCE,PRESSURE,(DLIB-C2420-PK,500,175
PC.PMO.DULG-DP-B.DCS.CGCE_TCP_AI:PT2421.MEAS,LPC 1 DISCHARGE GAS PRESS,System/Equipment,CGCE,PRESSURE,DLIB-GT2420-PK,950,500
PC.PMO.DULG-DP-B.DCS.CGCE_TCP_AI:PT2435.MEAS,LPC 2 SUCTION GAS PRESS,System/Equipment,CGCE,PRESSURE,DLIB-C2435-PK,850,540
PC.PMO.DULG-DP-B.DCS.CGCE_TCP_AI:PT2436.MEAS,LPC 2 DISCHARGE GAS PRESS,System/Equipment,CGCE,PRESSURE,DLIB-GT2420-PK,2980,2000
PC.PMO.DULG-DP-B.DCS.CGCE_TCP_AI:PT2450.MEAS,HPC 1 SUCTION GAS PRESS,System/Equipment,CGCE,PRESSURE,DLIB-C2450-PK,2980,2000
PC.PMO.DULG-DP-B.DCS.CGCE_TCP_AI:PT2451.MEAS,HPC 1 DISCHARGE GAS PRESS,System/Equipment,CGCE,PRESSURE,DLIB-GT2420-PK,6000,4000
PC.PMO.DULG-DP-B.DCS.CGCE_TCP_AI:PT2460.MEAS,,System/Equipment,CGCE,PRESSURE,DLIB-V2460-PK,6700,3900
PC.PMO.DULG-DP-B.DCS.CGCE_TCP_AI:PT2466.MEAS,HPC 2 DISCHARGE GAS PRESS,System/Equipment,CGCE,PRESSURE,DLIB-GT2420-PK,10600,7000
PC.PMO.DULG-DP-B.DCS.B_WTR_LAUNCH:B_PT7550.MEAS,,System/Equipment,WIM,PRESSURE,DLIB-PK755,10000,6757
PC.PMO.DULG-DP-B.DCS.B_WTR_LAUNCH:B_PT7550.PNT,,System/Equipment,WIM,PRESSURE,DLIB-PK755,10000,6757
PC.PMO.DULG-DP-B.DCS.B_WTR_LAUNCH:B_PT7560.MEAS,,System/Equipment,WIM,PRESSURE,DLIB-PK756,10000,6757
PC.PMO.DULG-DP-B.DCS.B_WTR_LAUNCH:B_PT7560.PNT,,System/Equipment,WIM,PRESSURE,DLIB-PK756,10000,6757
PC.PMO.DULG-DP-B.DCS.CSDP_CGCE:PZT2411_EN.PNT,PZT-2411 ENGINEERING VALUE,System/Equipment,CGCE,STATUS,DLIB-GT2420-PK,700,140
PC.PMO.DULG-DP-B.DCS.CSDP_CGCE:PZT2437_EN.PNT,PZT-2437 ENGINEERING VALUE,System/Equipment,CGCE,STATUS,DLIB-GT2420-PK,3060,440
PC.PMO.DULG-DP-B.DCS.CSDP_CGCE:PZT2453_EN.PNT,PZT-2453 ENGINEERING VALUE,System/Equipment,CGCE,STATUS,DLIB-GT2420-PK,7020,3500
PC.PMO.DULG-DP-B.DCS.CSDP_CGCE:PZT2468_EN.PNT,PZT-2468 ENGINEERING VALUE,System/Equipment,CGCE,STATUS,DLIB-GT2420-PK,13100,6020
PC.PMO.DULG-DP-B.DCS.CSDP_CGCE:PZT2480_EN.PNT,PZT-2480 ENGINEERING VALUE,System/Equipment,CGCE,STATUS,DLIB-DEHY-CGCE,7020,3000
PC.PMO.DULG-DP-B.DCS.CSDP_CGCE:PZT2492A_EN.PNT,PZT-2492A ENGINEERING VALUE,System/Equipment,CGCE,STATUS,DLIB-GT2420-PK,5500,1000
PC.PMO.DULG-DP-B.DCS.CSDP_CGCE:PZT2492B_EN.PNT,PZT-2492B ENGINEERING VALUE,System/Equipment,CGCE,STATUS,DLIB-GT2420-PK,5500,1000
PC.PMO.DULG-DP-B.DCS.CSDP_CGCE:PZT2496_EN.PNT,PZT-2496 ENGINEERING VALUE,System/Equipment,CGCE,STATUS,DLIB-GT2420-PK,4100,1470
PC.PMO.DULG-DP-B.DCS.CSDP_CGCE:PZT6006_EN.PNT,PZT-6006 ENGINEERING VALUE,System/Equipment,CGCE,STATUS,DLIB-GT2420-PK,6862,3100
PC.PMO.DULG-DP-B.DCS.CSDP_CGCE:PZT6031_EN.PNT,PZT-6031 ENGINEERING VALUE,System/Equipment,CGCE,STATUS,DLIB-GT2420-PK,4350,3100
PC.PMO.DULG-DP-B.DCS.CSDP_CGCE:PZT6075_EN.PNT,PZT-6075 ENGINEERING VALUE,System/Equipment,CGCE,STATUS,DLIB-GT2420-PK,4135,2560
PC.PMO.DULG-DP-B.DCS.CSDP_CGCE:TZT6023_EN.PNT,TZT-6023 ENGINEERING VALUE,System/Equipment,CGCE,STATUS,DLIB-GT2420-PK,80,31
PC.PMO.DULG-DP-B.DCS.CSDP_CGCE:TZT6061_EN.PNT,TZT-6061 ENGINEERING VALUE,System/Equipment,CGCE,STATUS,DLIB-GT2420-PK,63,38
PC.PMO.DULG-DP-B.DCS.COMP_UTILITY:B_PICA2495.MEAS,V2495 TC FUEL GAS COALESCER,System/Equipment,CGCE,STATUS,DLIB-V2495-PK,3450,2415
PC.PMO.DULG-DP-B.DCS.COMP_UTILITY:B_PT2495.MEAS,,System/Equipment,CGCE,STATUS,DLIB-V2495-PK,3450,2415
PC.PMO.DULG-DP-B.DCS.COMP_UTILITY:PT2495.PNT,V2495 TC FULE GAS COALESCER,System/Equipment,CGCE,STATUS,DLIB-V2495-PK,3450,2415
PC.PMO.DULG-DP-B.DCS.SEAL_GAS:B_TDIC6020.MEAS,HX6020 SEAL GAS PRE HEATER,System/Equipment,Seal Gas,TEMPERATURE,(DLIB-HX6020-PK,75,40
PC.PMO.DULG-DP-B.DCS.SEAL_GAS:B_TICA6020.MEAS,HX6020 SEAL GAS PRE HEATER,System/Equipment,Seal Gas,TEMPERATURE,(DLIB-HX6020-PK,75,40
PC.PMO.DULG-DP-B.DCS.SEAL_GAS:B_TT6020A.MEAS,,System/Equipment,Seal Gas,TEMPERATURE,(DLIB-HX6020-PK,75,40
PC.PMO.DULG-DP-B.DCS.SEAL_GAS:B_TT6020B.MEAS,,System/Equipment,Seal Gas,TEMPERATURE,(DLIB-HX6020-PK,75,40
PC.PMO.DULG-DP-B.DCS.SEAL_GAS:TT6020A.PNT,HX6020 SEAL GAS PRE HEATER,System/Equipment,Seal Gas,TEMPERATURE,(DLIB-HX6020-PK,75,40
PC.PMO.DULG-DP-B.DCS.SEAL_GAS:TT6020B.PNT,HX6020 SEAL GAS PRE HEATER,System/Equipment,Seal Gas,TEMPERATURE,(DLIB-HX6020-PK,75,40
PC.PMO.DULG-DP-B.DCS.B_HOT_OIL:B_TICA6390.MEAS,WARM OIL TEMP IND,System/Equipment,WHRU and Hot Oil,TEMPERATURE,DLIB-P639-PK,160,100
PC.PMO.DULG-DP-B.DCS.B_HOT_OIL:B_TT6390.MEAS,WARM OIL TEMP IND,System/Equipment,WHRU and Hot Oil,TEMPERATURE,DLIB-P639-PK,160,100
PC.PMO.DULG-DP-B.DCS.B_HOT_OIL:B_TT6390.PNT,WARM OIL TEMP IND,System/Equipment,WHRU and Hot Oil,TEMPERATURE,DLIB-P639-PK,160,100
PC.PMO.DULG-DP-B.DCS.B_HP_SEP_ABC:B_TIA5041.MEAS,V-504 TEMP IND,Process,HP Separation,TEMPERATURE,DLIB-A504-PK,78,52
PC.PMO.DULG-DP-B.DCS.B_HP_SEP_ABC:B_TIA5041.PNT,V-504 TEMP IND,Process,HP Separation,TEMPERATURE,DLIB-A504-PK,78,52
PC.PMO.DULG-DP-B.DCS.B_HP_SEP_ABC:B_TICA5050.MEAS,HX-505 TEMP IND,Process,HP Separation,TEMPERATURE,DLIB-PK505,90,40
PC.PMO.DULG-DP-B.DCS.B_HP_SEP_ABC:B_TT5050.MEAS,HX-505 TEMP IND,Process,HP Separation,TEMPERATURE,DLIB-PK505,90,40
PC.PMO.DULG-DP-B.DCS.B_HP_SEP_ABC:B_TT5050.PNT,HX-505 TEMP IND,Process,HP Separation,TEMPERATURE,DLIB-PK505,90,40
PC.PMO.DULG-DP-B.DCS.B_HP_SEP_D:B_TIA5201.MEAS,V-520 INLET TEMP  IND,Process,HP Separation,TEMPERATURE,DLIB-A520-PK,80,52
PC.PMO.DULG-DP-B.DCS.B_HP_SEP_D:B_TIA5201.PNT,V-520 INLET TEMP  IND,Process,HP Separation,TEMPERATURE,DLIB-A520-PK,80,52
PC.PMO.DULG-DP-B.DCS.B_HP_SEP_D:B_TICA5210.MEAS,HX-521 OUTLET TEMP IND,Process,HP Separation,TEMPERATURE,DLIB-HX521-PK,90,45
PC.PMO.DULG-DP-B.DCS.B_HP_SEP_D:B_TT5210.MEAS,HX-521 OUTLET TEMP IND,Process,HP Separation,TEMPERATURE,DLIB-HX521-PK,90,45
PC.PMO.DULG-DP-B.DCS.B_HP_SEP_D:B_TT5210.PNT,HX-521 OUTLET TEMP IND,Process,HP Separation,TEMPERATURE,DLIB-HX521-PK,90,45
PC.PMO.DULG-DP-B.DCS.B_FUELGAS:B_TICA5621.MEAS,FUEL GAS TEMP IND TO FSO,Process,Fuel Gas,TEMPERATURE," DLIB-F562-PK,",80,60
PC.PMO.DULG-DP-B.DCS.B_FUELGAS:B_TICA6111.MEAS,HX-611 INLET TEMP IND,Process,Fuel Gas,TEMPERATURE,DLIB-PK611,80,60
PC.PMO.DULG-DP-B.DCS.B_FUELGAS:B_TT5621.MEAS,FUEL GAS TEMP IND TO FSO,Process,Fuel Gas,TEMPERATURE," DLIB-F562-PK,",80,60
PC.PMO.DULG-DP-B.DCS.B_FUELGAS:B_TT5621.PNT,FUEL GAS TEMP IND TO FSO,Process,Fuel Gas,TEMPERATURE," DLIB-F562-PK,",80,60
PC.PMO.DULG-DP-B.DCS.B_FUELGAS:B_TT6111.MEAS,HX-611 INLET TEMP IND,Process,Fuel Gas,TEMPERATURE,DLIB-PK611,80,60
PC.PMO.DULG-DP-B.DCS.B_FUELGAS:B_TT6111.PNT,HX-611 INLET TEMP IND,Process,Fuel Gas,TEMPERATURE,DLIB-PK611,80,60
PC.PMO.DULG-DP-B.DCS.FUEL_GAS:B_TICA6060.MEAS,HX6060 FG SUPERHEATER INLET,Process,Fuel Gas,TEMPERATURE,DLIB-HX6060-PK,50,34
PC.PMO.DULG-DP-B.DCS.FUEL_GAS:B_TT6060A.MEAS,,Process,Fuel Gas,TEMPERATURE,DLIB-HX6060-PK,50,34
PC.PMO.DULG-DP-B.DCS.FUEL_GAS:B_TT6060B.MEAS,,Process,Fuel Gas,TEMPERATURE,DLIB-HX6060-PK,50,34
PC.PMO.DULG-DP-B.DCS.FUEL_GAS:TT6060A.PNT,HX6060 FG SUPERHEATER INLET,Process,Fuel Gas,TEMPERATURE,DLIB-HX6060-PK,50,34
PC.PMO.DULG-DP-B.DCS.FUEL_GAS:TT6060B.PNT,HX6060 FG OUT TO LP GAS COMP,Process,Fuel Gas,TEMPERATURE,DLIB-HX6060-PK,50,34
PC.PMO.DULG-DP-B.DCS.MEMBRANE:B_QT6090.MEAS,,Process,Fuel Gas,TEMPERATURE,DLIB-V6070-PK,55,45
PC.PMO.DULG-DP-B.DCS.MEMBRANE:B_TIC6061.MEAS,A6070 CO2 REMV,Process,Fuel Gas,TEMPERATURE,DLIB-PK611,63,38
PC.PMO.DULG-DP-B.DCS.MEMBRANE:B_TT6061.MEAS,,Process,Fuel Gas,TEMPERATURE,DLIB-PK611,63,38
PC.PMO.DULG-DP-B.DCS.MEMBRANE:TT6061.PNT,A6070 CO2 REMV,Process,Fuel Gas,TEMPERATURE,DLIB-PK611,63,38
PC.PMO.DULG-DP-B.DCS.PRE_TREAT:B_TT6070.MEAS,,Process,Fuel Gas,TEMPERATURE,DLIB-V6070-PK,45,31
PC.PMO.DULG-DP-B.DCS.PRE_TREAT:TT6070.PNT,A6070 CO2 REMV FUEL GAS INLET,Process,Fuel Gas,TEMPERATURE,DLIB-V6070-PK,45,31
PC.PMO.DULG-DP-B.DCS.B_GLYCOL:B_TICA5750.MEAS,HX-575 RBOILR STCKUP TEMP IND,Process,Glycol,TEMPERATURE,DLIB-DEHY,115,99
PC.PMO.DULG-DP-B.DCS.B_GLYCOL:B_TICA5751.MEAS,HX-5751 REBOILER  TEMP IND,Process,Glycol,TEMPERATURE,DLIB-DEHY,204,150
PC.PMO.DULG-DP-B.DCS.B_GLYCOL:B_TT5750.MEAS,HX-575 RBOILR STCKUP TEMP IND,Process,Glycol,TEMPERATURE,DLIB-DEHY,115,99
PC.PMO.DULG-DP-B.DCS.B_GLYCOL:B_TT5750.PNT,HX-575 RBOILR STCKUP TEMP IND,Process,Glycol,TEMPERATURE,DLIB-DEHY,115,99
PC.PMO.DULG-DP-B.DCS.B_GLYCOL:B_TT5751.MEAS,HX 5751 REBOILER  TEMP IND,Process,Glycol,TEMPERATURE,DLIB-DEHY,204,150
PC.PMO.DULG-DP-B.DCS.B_GLYCOL:B_TT5751.PNT,HX 5751 REBOILER  TEMP IND,Process,Glycol,TEMPERATURE,DLIB-DEHY,204,150
PC.PMO.DULG-DP-B.DCS.GAS_COND:B_TT5431.PNT,TT FOR ALARMING,System/Equipment,GCM1,TEMPERATURE,DLIB-PK543,90,70
PC.PMO.DULG-DP-B.DCS.GAS_COND:B_TT5531.PNT,TT FOR ALARMING,System/Equipment,GCM1,TEMPERATURE,DLIB-PK543,90,70
PC.PMO.DULG-DP-B.DCS.CGCE_TCP_AI:TE6060.MEAS,,System/Equipment,CGCE,TEMPERATURE,DLIB-GT2420-PK,50,34
PC.PMO.DULG-DP-B.DCS.CGCE_TCP_AI:TE6061.MEAS,,System/Equipment,CGCE,TEMPERATURE,DLIB-GT2420-PK,63,38
